,keyword,category
acacia,acacia,things
acapulco mexico,acapulco mexico,place
accent chair,accent chair,things
aconcagua,aconcagua,place
acorn,acorn,things
adelaide australia,adelaide australia,place
adhd medication,adhd medication,things
adjustable bench,adjustable bench,things
advertisement,Advertisement,things
aerator,aerator,things
afghanistan,afghanistan,place
agave,Agave,things
agave plant,agave plant,things
air compressor,Air compressor,things
air conditioner,Air Conditioner,things
air filter,Air filter,things
air handler,air handler,things
air plant,air plant,things
air tank,air tank,things
air vent,Air vent,things
airport,airport,things
airport lighting,airport lighting,things
alarm system,Alarm system,things
albania,albania,place
alfalfa,alfalfa,things
algeria,algeria,place
algiers algeria,algiers algeria,place
alley,alley,things
almond milk,almond milk,things
aluminum foil,aluminum foil,things
amazon,amazon,place
amazon echo,amazon echo,things
amphitheatre,amphitheatre,things
amsterdam netherlands,amsterdam netherlands,place
anaheim california,anaheim california,place
analog stick,analog stick,things
analogy,Analogy,things
anchovy,anchovy,things
andorra,andorra,place
anemone,Anemone,things
anesthesia,Anesthesia,things
angelfish,angelfish,things
angola,angola,place
ankara turkey,ankara turkey,place
ankle bracelet,ankle bracelet,things
annapurna,annapurna,place
antidepressant,antidepressant,things
antigua and barbuda,antigua and barbuda,place
antiseptic wipe,antiseptic wipe,things
antwerp belgium,antwerp belgium,place
aoraki,aoraki,place
aperol spritz,aperol spritz,things
apple,apple,things
apple pie,Apple pie,things
applesauce,applesauce,things
apricot tree,apricot tree,things
aprons,Aprons,things
aquarium,aquarium,things
aquarium salt,aquarium salt,things
aquarium stand,aquarium stand,things
archery target,archery target,things
argentina,argentina,place
armenia,armenia,place
arrival board,arrival board,things
asheville north carolina,asheville north carolina,place
ashgabat turkmenistan,ashgabat turkmenistan,place
aspirin,aspirin,things
astana kazakhstan,astana kazakhstan,place
asuncion paraguay,asuncion paraguay,place
athens,athens,things
athens georgia,athens georgia,place
athens greece,athens greece,place
atlanta georgia,atlanta georgia,place
atlantic ocean,atlantic ocean,things
atm,atm,things
atmosphere,Atmosphere,things
attic ladder,attic ladder,things
auckland new zealand,auckland new zealand,place
audio guide,audio guide,things
auditorium,Auditorium,things
austin texas,austin texas,place
australia,australia,things
austria,austria,place
autograph,autograph,things
automatic door,automatic door,things
azerbaijan,azerbaijan,place
backgammon board,backgammon board,things
backrest,Backrest,things
bacon,bacon,things
bacteria,Bacteria,things
badminton court,badminton court,things
baggage carousel,baggage carousel,things
baggage conveyor,baggage conveyor,things
baghdad iraq,baghdad iraq,place
baguette,Baguette,things
bahrain,bahrain,place
baku azerbaijan,baku azerbaijan,place
balance beam,balance beam,things
balcony,Balcony,things
bald eagle,bald eagle,things
ballpoint pen,ballpoint pen,things
baltimore maryland,baltimore maryland,place
bamboo,bamboo,things
bamboo leaf,bamboo leaf,things
banana,banana,things
bandana,bandana,things
bangalore india,bangalore india,place
bangkok thailand,bangkok thailand,place
bangladesh,bangladesh,place
bank,Bank,things
bank statement,bank statement,things
bar counter,bar counter,things
bar towel,bar towel,things
barbados,barbados,place
barbell collar,barbell collar,things
barber chair,Barber Chair,things
barcode,barcode,things
bat,Bat,things
bath mat,Bath Mat,things
bathroom sink,bathroom sink,things
battery,battery,things
battery bank,battery bank,things
beach chair,beach chair,things
beach hut,beach hut,things
beach umbrella,beach umbrella,things
bean,bean,things
bean plant,bean plant,things
beanbag,Beanbag,things
bear,bear,things
bed frame,Bed frame,things
bedroom,bedroom,things
bedspread,bedspread,things
beech tree,beech tree,things
beehive,beehive,things
beer coaster,beer coaster,things
beer glass,beer glass,things
beer stein,beer stein,things
beer tap,beer tap,things
beijing china,beijing china,place
beirut lebanon,beirut lebanon,place
belarus,belarus,place
belfast northern ireland,belfast northern ireland,place
belgium,belgium,place
belgrade serbia,belgrade serbia,place
belize,belize,place
bench,bench,things
benin,benin,place
berlin germany,berlin germany,place
bhutan,bhutan,place
bike,Bike,things
bike path,Bike path,things
binder clip,binder clip,things
binoculars,Binoculars,things
bird cage,Bird cage,things
bird netting,bird netting,things
bird seed,Bird seed,things
bleacher,bleacher,things
bleachers,Bleachers,things
blinds,Blinds,things
bluebell,bluebell,things
boa constrictor,boa constrictor,things
board games,Board Games,things
bobby pins,Bobby Pins,things
bolivia,bolivia,place
bollards,Bollards,things
bonding agent,Bonding Agent,things
bonsai tree,bonsai tree,things
book cover,book cover,things
bookbag,bookbag,things
bookcase,Bookcase,things
bookend,bookend,things
bookends,Bookends,things
booth,booth,things
booth seating,booth seating,things
bordeaux france,bordeaux france,place
bosnia and herzegovina,bosnia and herzegovina,place
boston massachusetts,boston massachusetts,place
botswana,botswana,place
bottled water,Bottled Water,things
bowl,bowl,things
bracelet,bracelet,things
bratislava slovakia,bratislava slovakia,place
brazil,brazil,place
bread basket,bread basket,things
bread knife,Bread knife,things
bread maker,bread maker,things
bread pudding,Bread pudding,things
break room,Break room,things
brewery merchandise,Brewery merchandise,things
briefcase,Briefcase,things
brochure,Brochure,things
brochure stand,brochure stand,things
broken glass,broken glass,things
broth,broth,things
brownies,Brownies,things
brunei,brunei,place
brush,brush,things
brussel sprout,brussel sprout,things
brussels belgium,brussels belgium,place
bucharest romania,bucharest romania,place
buckle,buckle,things
budapest hungary,budapest hungary,place
buenos aires argentina,buenos aires argentina,place
buffalo,buffalo,things
bug spray,Bug spray,things
bulb,Bulb,things
bulgaria,bulgaria,place
bulletin,bulletin,things
bumble bee,bumble bee,things
bumper,bumper,things
bumper sticker,Bumper sticker,things
bunk bed,bunk bed,things
bunsen burner,Bunsen burner,things
burkina faso,burkina faso,place
bursa turkey,bursa turkey,place
burundi,burundi,place
bus shelter,bus shelter,things
busan south korea,busan south korea,place
butter,butter,things
butter knife,butter knife,things
butterfly,butterfly,things
butterfly net,butterfly net,things
button,button,things
cabinet,cabinet,things
cable tie,cable tie,things
cable tray,cable tray,things
cactus flower,cactus flower,things
cairo egypt,cairo egypt,place
cake,cake,things
calcite,calcite,things
calculator,calculator,things
calgary canada,calgary canada,place
cambodia,cambodia,place
cameroon,cameroon,place
camp stove,camp stove,things
canada,canada,place
canal,canal,things
canberra australia,canberra australia,place
candle holder,candle holder,things
candy wrapper,candy wrapper,things
cane,cane,things
cannes france,cannes france,place
canning jar,canning jar,things
cannoli,cannoli,things
cantaloupe,Cantaloupe,things
canyon,canyon,things
cape,cape,things
cape town south africa,cape town south africa,place
cape verde,cape verde,place
car antenna,car antenna,things
car engine,car engine,things
car seat,car seat,things
caracas venezuela,caracas venezuela,place
carbon,carbon,things
card,Card,things
cardboard,cardboard,things
cardboard box,Cardboard box,things
cardboard tube,cardboard tube,things
caribou,caribou,things
carnation,carnation,things
casablanca morocco,casablanca morocco,place
cash register,Cash Register,things
casket,casket,things
cat bed,Cat bed,things
cat carrier,Cat carrier,things
catalytic converter,catalytic converter,things
catheter,catheter,things
cauliflower,Cauliflower,things
cedar,cedar,things
ceiling fan,Ceiling fan,things
centerpiece,centerpiece,things
centipede,centipede,things
central african republic,central african republic,place
cereal,Cereal,things
cereal bar,cereal bar,things
chad,chad,place
chair cushion,chair cushion,things
champagne flute,Champagne flute,things
chandelier,Chandelier,things
charger,charger,things
charging cord,charging cord,things
charging station,charging station,things
cheesecake,Cheesecake,things
chengdu china,chengdu china,place
cherry tree,cherry tree,things
chessboard,Chessboard,things
chestnut,chestnut,things
chew toy,Chew toy,things
chicago illinois,chicago illinois,place
chicken wire,chicken wire,things
chile,chile,place
chiller,chiller,things
chimborazo,chimborazo,place
chime,chime,things
chimney,chimney,things
chimpanzee,chimpanzee,things
china,china,place
cho oyu,cho oyu,place
chocolate bar,chocolate bar,things
chocolate cake,Chocolate cake,things
cholla cactus,cholla cactus,things
christchurch new zealand,christchurch new zealand,place
christmas tree,christmas tree,things
chutney,chutney,things
cilantro,cilantro,things
cinder block,cinder block,things
cinnamon roll,Cinnamon roll,things
city hall,city hall,things
clay,clay,things
cleveland ohio,cleveland ohio,place
cliff,cliff,things
climber,climber,things
climbing rope,climbing rope,things
clip,clip,things
clock,clock,things
clog,clog,things
closet,closet,things
clothes hamper,clothes hamper,things
clothes rack,clothes rack,things
clutch bag,clutch bag,things
coal crusher,coal crusher,things
coat rack,Coat Rack,things
cobblestone,cobblestone,things
cobweb,cobweb,things
cockroach,cockroach,things
cocktail glass,cocktail glass,things
coconut,coconut,things
coffee bag,coffee bag,things
coffee beans,Coffee beans,things
coffee grinder,Coffee Grinder,things
coffee ground,coffee ground,things
coffee grounds,Coffee grounds,things
coffee machine,coffee machine,things
coffee makers,Coffee Makers,things
coffee mug,coffee mug,things
coffee table,coffee table,things
coffin,coffin,things
coke,coke,things
colander,colander,things
cold pack,cold pack,things
cologne germany,cologne germany,place
colombia,colombia,place
colorado river,colorado river,place
columbus ohio,columbus ohio,place
comic book,Comic Book,things
common milkweed,common milkweed,things
comoros,comoros,place
compactor,compactor,things
compass,compass,things
compost,compost,things
computer workstation,computer workstation,things
concentrator,concentrator,things
concrete block,concrete block,things
concrete wall,concrete wall,things
condenser,condenser,things
conditioner,conditioner,things
conference table,conference table,things
congo,congo,place
contact lenses,Contact lenses,things
conveyor belt,Conveyor belt,things
cooler,cooler,things
cooling tower,Cooling Tower,things
copenhagen denmark,copenhagen denmark,place
coral reef,coral reef,things
coral reefs,Coral reefs,things
cordless phone,cordless phone,things
cork ireland,cork ireland,place
corkscrew,corkscrew,things
corral,corral,things
costa rica,costa rica,place
cotopaxi,cotopaxi,place
cottage,cottage,things
cotton,cotton,things
cotton candy,cotton candy,things
cowboy boot,cowboy boot,things
crayfish,crayfish,things
cream cheese,Cream cheese,things
croatia,croatia,place
crochet hook,crochet hook,things
croissant,Croissant,things
cruise ship,cruise ship,things
crutch,crutch,things
cuba,cuba,place
cuff,cuff,things
culture medium,culture medium,things
cup holder,Cup holder,things
cupboard,cupboard,things
cupcake,cupcake,things
curler,curler,things
curling,curling,things
curling iron,curling iron,things
curtains,Curtains,things
cuticle,cuticle,things
cutlery,Cutlery,things
cutter,cutter,things
cutting board,Cutting Board,things
cypress,cypress,things
cypress knee,cypress knee,things
cyprus,cyprus,place
czech republic,czech republic,place
daegu south korea,daegu south korea,place
daisy,daisy,things
dakar senegal,dakar senegal,place
dalian china,dalian china,place
dallas texas,dallas texas,place
damascus syria,damascus syria,place
damselfish,damselfish,things
dandelion,Dandelion,things
dar es salaam tanzania,dar es salaam tanzania,place
darwin australia,darwin australia,place
dashboard camera,dashboard camera,things
davao city philippines,davao city philippines,place
dead leaf,dead leaf,things
decal,decal,things
deciduous tree,Deciduous tree,things
delhi india,delhi india,place
democratic republic of the congo,democratic republic of the congo,place
denali,denali,place
denim,denim,things
denim jeans,denim jeans,things
denmark,denmark,place
dental chair,dental chair,things
denver colorado,denver colorado,place
deposit slip,deposit slip,things
desk chairs,Desk Chairs,things
desk lamp,desk lamp,things
desktop computer,desktop computer,things
dhaka bangladesh,dhaka bangladesh,place
dhaulagiri,dhaulagiri,place
diaper,Diaper,things
diary,diary,things
dijon mustard,dijon mustard,things
dill pickle,dill pickle,things
dining chair,dining chair,things
dining table,Dining table,things
dinosaur skeleton,dinosaur skeleton,things
dirt road,dirt road,things
dish rack,dish rack,things
dish soap,Dish soap,things
dishcloth,dishcloth,things
dishtowel,dishtowel,things
dishwasher,dishwasher,things
disinfectant,Disinfectant,things
diving board,Diving board,things
dj mixer,dj mixer,things
dj turntable,dj turntable,things
djibouti,djibouti,place
dnieper,dnieper,place
docket,docket,things
dog bed,Dog bed,things
dog crate,Dog crate,things
dog park,dog park,things
dog poop,dog poop,things
dog shampoo,Dog shampoo,things
dog tag,dog tag,things
dogwood,dogwood,things
doha qatar,doha qatar,place
dolphin,dolphin,things
dominica,dominica,place
dominican republic,dominican republic,place
domino,domino,things
donuts,Donuts,things
door,door,things
doughnut,doughnut,things
drain hose,Drain Hose,things
drainage pipe,drainage pipe,things
drapery,drapery,things
drapes,Drapes,things
dresser,dresser,things
drill bit,drill bit,things
drying rack,drying rack,things
dubai united arab emirates,dubai united arab emirates,place
dublin ireland,dublin ireland,place
duckweed,duckweed,things
ducky,ducky,things
duct,duct,things
duct tape,Duct tape,things
duffle bags,Duffle Bags,things
dugout,dugout,things
dumbbells,Dumbbells,things
dump truck,Dump truck,things
dunfermline scotland,dunfermline scotland,place
durban south africa,durban south africa,place
dusseldorf germany,dusseldorf germany,place
dust jacket,dust jacket,things
dustbin,dustbin,things
duvet,Duvet,things
duvet cover,duvet cover,things
dvd,DVD,things
dvd player,DVD Player,things
dye,dye,things
dynamite,Dynamite,things
ear drop,ear drop,things
ear protection,Ear protection,things
earl grey tea,Earl Grey tea,things
earplug,earplug,things
earring,earring,things
earth,Earth,things
earthworm,earthworm,things
ecuador,ecuador,place
edamame,Edamame,things
edible flowers,Edible flowers,things
edinburgh scotland,edinburgh scotland,place
edmonton canada,edmonton canada,place
egypt,egypt,place
eiffel tower,eiffel tower,things
eilat israel,eilat israel,place
el paso texas,el paso texas,place
el salvador,el salvador,place
elastic bandage,elastic bandage,things
elbow pad,elbow pad,things
electric bike,electric bike,things
electric fan,electric fan,things
electric motorcycle,electric motorcycle,things
electric oven,electric oven,things
electric razor,electric razor,things
electric saw,electric saw,things
electric scooter,electric scooter,things
electric screwdriver,electric screwdriver,things
electric toothbrush,electric toothbrush,things
electric violin,electric violin,things
electrical outlet,Electrical outlet,things
electrical panel,Electrical panel,things
electrical tape,electrical tape,things
electronic keyboard,electronic keyboard,things
electronic piano,electronic piano,things
elevator,Elevator,things
elliptical trainers,Elliptical Trainers,things
embroidery,embroidery,things
emergency exit sign,Emergency Exit Sign,things
emergency light,emergency light,things
emergency lighting,emergency lighting,things
emergency lights,Emergency lights,things
empty can,empty can,things
enamel,enamel,things
enamel pin,enamel pin,things
end table,end table,things
energy drink,Energy drink,things
engagement ring,engagement ring,things
engine oil,engine oil,things
england,england,place
engravings,Engravings,things
enschede netherlands,enschede netherlands,place
ensenada mexico,ensenada mexico,place
entrance door,entrance door,things
enugu nigeria,enugu nigeria,place
envelope,envelope,things
equatorial guinea,equatorial guinea,place
erie pennsylvania,erie pennsylvania,place
eritrea,eritrea,place
eruption,eruption,things
esbjerg denmark,esbjerg denmark,place
escalators,Escalators,things
espresso machine,espresso machine,things
essen germany,essen germany,place
essentuki russia,essentuki russia,place
estonia,estonia,place
ethiopia,ethiopia,place
eucalyptus,Eucalyptus,things
eureka california,eureka california,place
evaporator,evaporator,things
everest,everest,place
evora portugal,evora portugal,place
exam table,exam table,things
excavator,excavator,things
exercise mat,exercise mat,things
exhaust fan,Exhaust Fan,things
exhibit sign,exhibit sign,things
exit sign,Exit sign,things
extension cord,Extension Cord,things
extension ladder,extension ladder,things
eye,eye,things
eye mask,eye mask,things
eyeglass,eyeglass,things
fabric roll,fabric roll,things
fabric sofa,fabric sofa,things
face mask,Face mask,things
facial toner,Facial Toner,things
faisalabad pakistan,faisalabad pakistan,place
fallen log,fallen log,things
fallen tree,fallen tree,things
fan blade,fan blade,things
fanny pack,Fanny pack,things
fanta,fanta,things
faro portugal,faro portugal,place
feather boa,feather boa,things
federated states of micronesia,federated states of micronesia,place
fence gate,fence gate,things
fence panel,fence panel,things
fennel,fennel,things
fermoy ireland,fermoy ireland,place
fern,fern,things
fertilizer,Fertilizer,things
fez morocco,fez morocco,place
file folder,file folder,things
filing cabinet,Filing cabinet,things
finger,finger,things
finger food,Finger food,things
finland,finland,place
fir,fir,things
fire alarm,Fire alarm,things
fire coral,fire coral,things
fire escape ladder,Fire Escape Ladder,things
fire extinguisher,Fire Extinguisher,things
fire helmet,fire helmet,things
fire hydrant,fire hydrant,things
fireplace,Fireplace,things
fireplace mantle,fireplace mantle,things
first aid kit,First Aid Kit,things
fish scale,fish scale,things
fish tank,Fish tank,things
fishing net,fishing net,things
fishing pier,Fishing pier,things
fishing rod,fishing rod,things
fishnet,fishnet,things
fitness tracker,Fitness tracker,things
fitz roy,fitz roy,place
flashlight,flashlight,things
flat shoe,flat shoe,things
flea,flea,things
flinders australia,flinders australia,place
floor jacks,Floor jacks,things
floor mats,Floor Mats,things
florence italy,florence italy,place
florianopolis brazil,florianopolis brazil,place
flour,flour,things
flower crown,flower crown,things
foam roller,foam roller,things
fog machine,Fog machine,things
foil paper,foil paper,things
food bowl,Food bowl,things
food cart,food cart,things
food warmers,Food warmers,things
footbridge,footbridge,things
footrest,footrest,things
fort mcmurray canada,fort mcmurray canada,place
fort worth texas,fort worth texas,place
fortaleza brazil,fortaleza brazil,place
fortune cookie,Fortune cookie,things
fossil,fossil,things
fox,fox,things
france,france,place
frankfurt germany,frankfurt germany,place
frappe,frappe,things
frappuccino,Frappuccino,things
free weights,Free Weights,things
french toast,French toast,things
fresheners,fresheners,things
fresno california,fresno california,place
fridge magnet,Fridge magnet,things
fried rice,Fried rice,things
friesland netherlands,friesland netherlands,place
frisbee,frisbee,things
frozen meat,frozen meat,things
frozen waffle,frozen waffle,things
fruit cup,fruit cup,things
fudge brownie,fudge brownie,things
fuel filter,fuel filter,things
fujairah united arab emirates,fujairah united arab emirates,place
fukuoka japan,fukuoka japan,place
fukushima japan,fukushima japan,place
funafuti tuvalu,funafuti tuvalu,place
funchal portugal,funchal portugal,place
fungi,Fungi,things
fur,fur,things
furniture,Furniture,things
furniture polish,Furniture polish,things
fuse,Fuse,things
fuzhou china,fuzhou china,place
gabon,gabon,place
gadget,Gadget,things
gambia,gambia,place
game board,game board,things
ganges,ganges,place
gannett peak,gannett peak,place
garage door,garage door,things
garbage bag,Garbage bag,things
garbage can,garbage can,things
garbage disposal,Garbage disposal,things
garbage truck,garbage truck,things
garden fork,garden fork,things
garden rake,garden rake,things
garden shovel,garden shovel,things
garment rack,garment rack,things
garment steamer,garment steamer,things
garter,garter,things
gas cap,gas cap,things
gas mask,Gas Mask,things
gas stove,gas stove,things
gas turbine,gas turbine,things
gasket,gasket,things
gator,gator,things
gdansk poland,gdansk poland,place
gecko,gecko,things
gel,gel,things
gelatin,gelatin,things
generator,Generator,things
geneva switzerland,geneva switzerland,place
genoa italy,genoa italy,place
georgia,georgia,place
germany,germany,place
ghana,ghana,place
ghost crab,ghost crab,things
gift bag,gift bag,things
gift box,gift box,things
gin,gin,things
ginger,ginger,things
ginger ale,ginger ale,things
giraffe,giraffe,things
glasgow scotland,glasgow scotland,place
glass figurine,glass figurine,things
glass panel,glass panel,things
glass sheet,glass sheet,things
glass shelf,glass shelf,things
glass table,Glass Table,things
glass window,glass window,things
glitter,glitter,things
glove,Glove,things
glove box,Glove Box,things
gold,gold,things
golf cart,Golf Cart,things
goose,goose,things
gown,gown,things
gps,GPS,things
graduated cylinder,graduated cylinder,things
grahamstown south africa,grahamstown south africa,place
grain bin,Grain bin,things
grand teton,grand teton,place
granola,granola,things
grape,grape,things
grape juice,grape juice,things
grape vine,Grape Vine,things
grapefruit,Grapefruit,things
graphic novel,Graphic Novel,things
graphing calculator,Graphing Calculator,things
gravity,Gravity,things
graz austria,graz austria,place
greece,greece,place
green alga,green alga,things
green beans,Green beans,things
greeting card,Greeting Card,things
grenada,grenada,place
grill,grill,things
grinder,grinder,things
groundhog,groundhog,things
guadalajara mexico,guadalajara mexico,place
guangzhou china,guangzhou china,place
guard tower,Guard tower,things
guatemala,guatemala,place
guatemala city guatemala,guatemala city guatemala,place
guinea,guinea,place
guinea bissau,guinea bissau,place
guitar pick,guitar pick,things
guitar string,Guitar String,things
guppy,guppy,things
gutter,gutter,things
guwahati india,guwahati india,place
guyana,guyana,place
gwangju south korea,gwangju south korea,place
gyeongju south korea,gyeongju south korea,place
gym mats,Gym Mats,things
habanero pepper,Habanero pepper,things
hacksaw,hacksaw,things
haifa israel,haifa israel,place
hair clip,Hair clip,things
hair clipper,hair clipper,things
hair dryer,Hair Dryer,things
hair elastic,hair elastic,things
hair gel,Hair Gel,things
hair tie,hair tie,things
hairbrush,Hairbrush,things
hairspray,Hairspray,things
hairspray can,hairspray can,things
haiti,haiti,place
haleakala,haleakala,place
ham,ham,things
hamburg germany,hamburg germany,place
hamburger helper,hamburger helper,things
hamster,hamster,things
hamster wheel,Hamster wheel,things
hamstring curl machine,Hamstring Curl Machine,things
hand drill,hand drill,things
hand dryer,Hand dryer,things
hand lotion,hand lotion,things
hand pruner,hand pruner,things
hand sanitizer,Hand Sanitizer,things
handbag,Handbag,things
handcuff,handcuff,things
handlebar,handlebar,things
handrail,Handrail,things
hangar,hangar,things
hanging basket,hanging basket,things
hanging hook,hanging hook,things
hangzhou china,hangzhou china,place
hanoi vietnam,hanoi vietnam,place
harare zimbabwe,harare zimbabwe,place
hard hat,Hard hat,things
hash browns,Hash browns,things
hat,hat,things
havana cuba,havana cuba,place
hay bale,hay bale,things
hazelnut,Hazelnut,things
hazelnut tree,hazelnut tree,things
hdmi cable,HDMI cable,things
headband,headband,things
headboard,headboard,things
headlamp,Headlamp,things
headlight,headlight,things
headphone,headphone,things
headphones,Headphones,things
hearing aid,Hearing aid,things
heart rate monitors,Heart Rate Monitors,things
heating element,Heating Element,things
helsingborg sweden,helsingborg sweden,place
helsinki finland,helsinki finland,place
hermosillo mexico,hermosillo mexico,place
hibiscus,Hibiscus,things
high chair,High Chair,things
highlighter,highlighter,things
hiking boots,Hiking boots,things
hilo hawaii,hilo hawaii,place
hiroshima japan,hiroshima japan,place
historical marker,historical marker,things
ho chi minh city vietnam,ho chi minh city vietnam,place
hobart australia,hobart australia,place
hole puncher,hole puncher,things
holly,Holly,things
home plate,home plate,things
honduras,honduras,place
honey,honey,things
honeybee,Honeybee,things
honeycrisp,honeycrisp,things
honeydew,honeydew,things
honeydew melon,honeydew melon,things
hong kong china,hong kong china,place
honolulu hawaii,honolulu hawaii,place
hose line,hose line,things
hospital bed,hospital bed,things
hot dog,Hot dog,things
hot tea,hot tea,things
hot water bottle,Hot water bottle,things
house key,house key,things
houston texas,houston texas,place
humidity meter,humidity meter,things
hummus,hummus,things
humus,humus,things
hungary,hungary,place
hut,hut,things
hvac system,hvac system,things
hydrant,hydrant,things
hydro turbine,hydro turbine,things
ibadan nigeria,ibadan nigeria,place
ice bin,ice bin,things
ice cream maker,Ice cream maker,things
ice crusher,ice crusher,things
ice cube tray,Ice cube tray,things
ice pop,ice pop,things
ice sculpture,ice sculpture,things
ice tea,ice tea,things
ice tray,ice tray,things
ice water,Ice Water,things
iced coffee,Iced coffee,things
iceland,iceland,place
icicle,Icicle,things
igloo,igloo,things
ignition system,ignition system,things
illinois river,illinois river,place
impact crusher,impact crusher,things
impact wrench,impact wrench,things
impatiens,impatiens,things
incense,Incense,things
incheon south korea,incheon south korea,place
incubator,incubator,things
index card,Index Card,things
india,india,place
indianapolis indiana,indianapolis indiana,place
indonesia,indonesia,place
indore india,indore india,place
infrared sensor,infrared sensor,things
ingolstadt germany,ingolstadt germany,place
inhaler,Inhaler,things
ink cartridge,ink cartridge,things
innsbruck austria,innsbruck austria,place
insulation,Insulation,things
internet modem,internet modem,things
internet router,internet router,things
interstate,Interstate,things
inverter,inverter,things
invoice,invoice,things
iran,iran,place
iraq,iraq,place
ireland,ireland,place
iris,iris,things
irkutsk russia,irkutsk russia,place
iron,Iron,things
iron bar,Iron bar,things
ironing board,Ironing Board,things
irrigation system,Irrigation system,things
irvine california,irvine california,place
isafahan iran,isafahan iran,place
islamabad pakistan,islamabad pakistan,place
israel,israel,place
istanbul turkey,istanbul turkey,place
italy,italy,place
iv,IV,things
iv bag,iv bag,things
izmir turkey,izmir turkey,place
iztaccihuatl,iztaccihuatl,place
jabalpur india,jabalpur india,place
jack stand,jack stand,things
jacket,jacket,things
jackson mississippi,jackson mississippi,place
jacksonville florida,jacksonville florida,place
jaffa cake,jaffa cake,things
jakarta indonesia,jakarta indonesia,place
jalapa guatemala,jalapa guatemala,place
jam,jam,things
jamaica,jamaica,things
jane,jane,things
japan,japan,place
jasmine,jasmine,things
jeddah saudi arabia,jeddah saudi arabia,place
jello,jello,things
jersey,jersey,things
jerusalem israel,jerusalem israel,place
jewelry box,Jewelry Box,things
jinan china,jinan china,place
jining china,jining china,place
johannesburg south africa,johannesburg south africa,place
jordan,jordan,place
journal,Journal,things
joystick,Joystick,things
juarez mexico,juarez mexico,place
juice box,juice box,things
juicer,juicer,things
jumper cables,Jumper Cables,things
junction box,junction box,things
juniper bush,juniper bush,things
juniper tree,juniper tree,things
k2,k2,place
kabul afghanistan,kabul afghanistan,place
kagoshima japan,kagoshima japan,place
kalamata olive,kalamata olive,things
kale smoothie,Kale smoothie,things
kampala uganda,kampala uganda,place
kangchenjunga,kangchenjunga,place
karachi pakistan,karachi pakistan,place
karaoke machine,Karaoke machine,things
kathmandu nepal,kathmandu nepal,place
kaunas lithuania,kaunas lithuania,place
kawasaki japan,kawasaki japan,place
kazakhstan,kazakhstan,place
kelp,kelp,things
kentucky,kentucky,things
kenya,kenya,place
ketchup,ketchup,things
key chain,Key chain,things
key ring,key ring,things
keyring,keyring,things
khaki pants,Khaki pants,things
kheer,kheer,things
kickstand,kickstand,things
kiev ukraine,kiev ukraine,place
kilimanjaro,kilimanjaro,place
king snake,king snake,things
kingston jamaica,kingston jamaica,place
kiosk,kiosk,things
kiribati,kiribati,place
kitchen cabinet,Kitchen cabinet,things
kitchen island,kitchen island,things
kitchen knife,kitchen knife,things
kitchen table,Kitchen table,things
kitchenette,kitchenette,things
kiwifruit,kiwifruit,things
knapweed,knapweed,things
knitting needle,knitting needle,things
kolkata india,kolkata india,place
komodo dragon,Komodo dragon,things
kosovo,kosovo,place
kuala lumpur malaysia,kuala lumpur malaysia,place
kunming china,kunming china,place
kuwait,kuwait,place
kyiv ukraine,kyiv ukraine,place
kyoto japan,kyoto japan,place
kyrgyzstan,kyrgyzstan,place
la paz bolivia,la paz bolivia,place
lab coat,Lab coat,things
laboratory manual,laboratory manual,things
lace,lace,things
lace dress,lace dress,things
lace top,lace top,things
lagoon,lagoon,things
lagos nigeria,lagos nigeria,place
lanyard,Lanyard,things
laos,laos,place
laptop,Laptop,things
laser beam,Laser beam,things
lathe,Lathe,things
latte,Latte,things
latvia,latvia,place
laundry basket,laundry basket,things
laundry cart,laundry cart,things
lausanne switzerland,lausanne switzerland,place
lawn mower,lawn mower,things
lawnmower,Lawnmower,things
laxative,laxative,things
leaf,leaf,things
leaf rake,leaf rake,things
leash,leash,things
lebanon,lebanon,place
leeds england,leeds england,place
legal pad,legal pad,things
lego,Lego,things
leipzig germany,leipzig germany,place
lemming,lemming,things
lemon balm,lemon balm,things
lemon juice,lemon juice,things
lemon wedge,lemon wedge,things
lemon zest,lemon zest,things
leopard,leopard,things
leotard,leotard,things
lesotho,lesotho,place
level sensor,level sensor,things
lhotse,lhotse,place
liberia,liberia,place
library card,Library Card,things
library stamp,library stamp,things
libya,libya,place
license plate,license plate,things
lid,lid,things
liechtenstein,liechtenstein,place
lifter,lifter,things
lifting belt,lifting belt,things
lifting crane,lifting crane,things
light switch,Light Switch,things
lightbulb,Lightbulb,things
lighting rig,lighting rig,things
lily,lily,things
lima peru,lima peru,place
lime,lime,things
limousine,limousine,things
linen,linen,things
lint brush,lint brush,things
lint roller,Lint Roller,things
lint trap,lint trap,things
lipstick,lipstick,things
lisbon portugal,lisbon portugal,place
lithuania,lithuania,place
litter scooper,Litter scooper,things
liverpool england,liverpool england,place
livestock trailer,livestock trailer,things
ljubljana slovenia,ljubljana slovenia,place
loading ramp,loading ramp,things
lodge,lodge,things
london england,london england,place
loose change,loose change,things
los angeles california,los angeles california,place
lottery ticket,Lottery Ticket,things
luanda angola,luanda angola,place
lug,lug,things
luggage,Luggage,things
lusaka zambia,lusaka zambia,place
luxembourg,luxembourg,place
lviv ukraine,lviv ukraine,place
lyon france,lyon france,place
madagascar,madagascar,place
madrid spain,madrid spain,place
magazine rack,magazine rack,things
magnet,magnet,things
mail truck,mail truck,things
mailbox,Mailbox,things
maintenance truck,maintenance truck,things
makalu,makalu,place
makati philippines,makati philippines,place
malawi,malawi,place
malaysia,malaysia,place
maldives,maldives,place
mali,mali,place
malta,malta,place
managua nicaragua,managua nicaragua,place
manaslu,manaslu,place
manchester england,manchester england,place
mango,mango,things
mango tree,mango tree,things
mangrove seedling,mangrove seedling,things
manicure set,manicure set,things
manila philippines,manila philippines,place
maple tree,maple tree,things
marrakech morocco,marrakech morocco,place
marshall islands,marshall islands,place
marshmallow,Marshmallow,things
martini,martini,things
masks,Masks,things
matches,Matches,things
mauritania,mauritania,place
mauritius,mauritius,place
maxi dress,maxi dress,things
measuring cup,Measuring cup,things
measuring spoon,measuring spoon,things
measuring tape,Measuring Tape,things
meatloaf,meatloaf,things
mecca saudi arabia,mecca saudi arabia,place
medallion,medallion,things
medical cart,medical cart,things
medical chart,medical chart,things
medical gown,medical gown,things
medical records,Medical Records,things
medication,Medication,things
medication dispenser,medication dispenser,things
medicine cabinet,medicine cabinet,things
melbourne australia,melbourne australia,place
melon,melon,things
menorah,Menorah,things
merchandise rack,merchandise rack,things
meru,meru,place
mesquite,mesquite,things
mesquite tree,mesquite tree,things
metal detector,Metal detector,things
metal file,metal file,things
metal foil,metal foil,things
metal lid,metal lid,things
metal spoon,metal spoon,things
mexico,mexico,place
mexico city mexico,mexico city mexico,place
miami florida,miami florida,place
mic stand,mic stand,things
microphone stand,microphone stand,things
microscope,Microscope,things
microwave,Microwave,things
migraine,migraine,things
milan italy,milan italy,place
milkweed,milkweed,things
mill building,mill building,things
milling,milling,things
milling machine,Milling machine,things
mini fridge,Mini fridge,things
miniskirt,miniskirt,things
minneapolis minnesota,minneapolis minnesota,place
mississippi river,mississippi river,place
mixing bowl,Mixing Bowl,things
mixing console,mixing console,things
mobile phone,Mobile phone,things
model airplane,model airplane,things
modem,Modem,things
moldova,moldova,place
moleskin,moleskin,things
monaco,monaco,place
mongolia,mongolia,place
mont blanc,mont blanc,place
montenegro,montenegro,place
monterrey mexico,monterrey mexico,place
montreal canada,montreal canada,place
mop,mop,things
morocco,morocco,place
mortar,mortar,things
moscow russia,moscow russia,place
moss ball,moss ball,things
motion sensor,motion sensor,things
motor,motor,things
motorcycle,motorcycle,things
motorcycle helmet,Motorcycle Helmet,things
mount adams,mount adams,place
mount elbrus,mount elbrus,place
mount etna,mount etna,place
mount fuji,mount fuji,place
mount rainier,mount rainier,place
mount saint helens,mount saint helens,place
mount saint lias,mount saint lias,place
mount shasta,mount shasta,place
mount whitney,mount whitney,place
mouse,Mouse,things
mousepad,mousepad,things
movie poster,Movie poster,things
moving walkway,moving walkway,things
mozambique,mozambique,place
mri,mri,things
mri machine,mri machine,things
mucus,mucus,things
muffin,Muffin,things
muffin tin,Muffin Tin,things
muffler,Muffler,things
mulberry,mulberry,things
mumbai india,mumbai india,place
mural,Mural,things
muscle relaxant,muscle relaxant,things
mushroom,Mushroom,things
myanmar,myanmar,place
nachos,Nachos,things
nagoya japan,nagoya japan,place
nail clipper,Nail clipper,things
nail polish,Nail polish,things
nail polish remover,Nail Polish Remover,things
nairobi kenya,nairobi kenya,place
name tag,Name tag,things
namibia,namibia,place
nanga parbat,nanga parbat,place
nanjing china,nanjing china,place
nantes france,nantes france,place
nap mat,Nap mat,things
naples italy,naples italy,place
nature trail,nature trail,things
nauru,nauru,place
necklace,Necklace,things
needle,needle,things
neon light,neon light,things
nepal,nepal,things
netgear,netgear,things
netherlands,netherlands,place
new delhi india,new delhi india,place
new orleans louisiana,new orleans louisiana,place
new york city,new york city,place
new zealand,new zealand,place
newcastle upon tyne england,newcastle upon tyne england,place
nicaragua,nicaragua,place
nice france,nice france,place
niger,niger,place
nigeria,nigeria,place
nightshade,nightshade,things
nightstand,Nightstand,things
nile,nile,place
nile monitor,nile monitor,things
nintendo switch,nintendo switch,things
nitrogen,nitrogen,things
nitrous,nitrous,things
noida india,noida india,place
noise-canceling headphones,noise-canceling headphones,things
nokia phone,nokia phone,things
noodle,noodle,things
noosa australia,noosa australia,place
north korea,north korea,place
northern cardinal,northern cardinal,things
northern mockingbird,northern mockingbird,things
norway,norway,things
nose,nose,things
nose ring,nose ring,things
notebook,Notebook,things
nozzle,Nozzle,things
nurumberg germany,nurumberg germany,place
nylon,nylon,things
oak table,Oak table,things
oak tree,oak tree,things
oakley sunglasses,oakley sunglasses,things
oar,oar,things
oatmeal cookie,oatmeal cookie,things
oaxaca mexico,oaxaca mexico,place
ocarina,Ocarina,things
odense denmark,odense denmark,place
odessa ukraine,odessa ukraine,place
office chair,office chair,things
oil filter,oil filter,things
ointment,Ointment,things
oklahoma city oklahoma,oklahoma city oklahoma,place
olive oil,Olive Oil,things
oman,oman,place
onyx,Onyx,things
operating table,operating table,things
orange juice,orange juice,things
orange peel,Orange peel,things
orange slice,orange slice,things
orange tree,Orange tree,things
orange zest,Orange zest,things
oranjestad aruba,oranjestad aruba,place
oregon,oregon,things
orlando florida,orlando florida,place
orsay france,orsay france,place
osaka japan,osaka japan,place
oslo norway,oslo norway,place
ostrava czech republic,ostrava czech republic,place
ostrich,ostrich,things
otago new zealand,otago new zealand,place
ottawa canada,ottawa canada,place
ottoman,ottoman,things
ouagadougou burkina faso,ouagadougou burkina faso,place
oulu finland,oulu finland,place
outdoor furniture,Outdoor Furniture,things
outdoor pool,outdoor pool,things
oven door,Oven door,things
oven rack,Oven rack,things
overhead wire,overhead wire,things
owl,owl,things
oxford england,oxford england,place
oxygen,oxygen,things
oxygen tank,Oxygen tank,things
oyster,oyster,things
pacifier,Pacifier,things
packing peanuts,Packing peanuts,things
pad,Pad,things
pail,pail,things
paint roller,paint roller,things
paint sprayer,paint sprayer,things
paint thinner,paint thinner,things
paintbrush,paintbrush,things
pajamas,Pajamas,things
pakistan,pakistan,place
palau,palau,place
palestine,palestine,place
pallet jack,Pallet Jack,things
palmetto tree,palmetto tree,things
pamphlet,Pamphlet,things
panama,panama,place
panama city panama,panama city panama,place
pant,pant,things
pants,Pants,things
paper roll,paper roll,things
paper towels,Paper towels,things
paper tray,paper tray,things
paperweights,Paperweights,things
paperwork,Paperwork,things
papua new guinea,papua new guinea,place
parachute,parachute,things
paraguay,paraguay,place
parallel bars,Parallel bars,things
paris france,paris france,place
park map,park map,things
parking pass,parking pass,things
parrot,parrot,things
parrotfish,parrotfish,things
parsley,parsley,things
parts cleaner,parts cleaner,things
pattaya thailand,pattaya thailand,place
pea plant,pea plant,things
pea soup,pea soup,things
peace lily,peace lily,things
peach tree,peach tree,things
peanut butter,peanut butter,things
pear tree,pear tree,things
pedal boat,pedal boat,things
peeler,peeler,things
pelican,pelican,things
pellet,pellet,things
pencil sharpener,Pencil Sharpener,things
penguin,penguin,things
peony,peony,things
pepper spray,pepper spray,things
peppermint,peppermint,things
perfume,Perfume,things
perfume bottle,perfume bottle,things
personal protective equipment,Personal protective equipment,things
perth australia,perth australia,place
peru,peru,place
peshawar pakistan,peshawar pakistan,place
pesticide,Pesticide,things
pet bed,pet bed,things
petroleum,petroleum,things
petunia,petunia,things
philadelphia pennsylvania,philadelphia pennsylvania,place
philippines,philippines,place
phoenix arizona,phoenix arizona,place
phone case,phone case,things
phone charger,Phone charger,things
photo album,Photo album,things
photocopier,photocopier,things
piano,Piano,things
piano stool,piano stool,things
pickaxe,Pickaxe,things
picket,picket,things
picnic basket,picnic basket,things
picnic table,picnic table,things
picture frame,picture frame,things
pikes peak,pikes peak,place
pilates,pilates,things
pilates reformer,pilates reformer,things
pillow fort,pillow fort,things
pillow sham,pillow sham,things
pillowcase,pillowcase,things
pillowtop,pillowtop,things
pine cone,pine cone,things
pineapple,pineapple,things
pipe,pipe,things
pipette,pipette,things
piping tips,Piping tips,things
piranha,piranha,things
pitcher,pitcher,things
pizza box,pizza box,things
placemat,Placemat,things
plant saucer,plant saucer,things
planter,planter,things
planter box,Planter Box,things
plaque,Plaque,things
plastic baggie,plastic baggie,things
plastic chair,plastic chair,things
plastic fork,plastic fork,things
plastic gloves,Plastic Gloves,things
plastic pallet,plastic pallet,things
plastic pipe,plastic pipe,things
plastic sign,plastic sign,things
plastic tub,plastic tub,things
plastic tube,plastic tube,things
plastic wrap,Plastic wrap,things
plate,Plate,things
play mat,Play mat,things
playing cards,Playing cards,things
pliers,Pliers,things
plovdiv bulgaria,plovdiv bulgaria,place
plunger,plunger,things
poland,poland,place
polar bear,polar bear,things
polyester,Polyester,things
pomegranate,pomegranate,things
pool cleaner,Pool cleaner,things
popcorn,Popcorn,things
popcorn machine,Popcorn machine,things
porcupine,porcupine,things
portable speaker,Portable speaker,things
portland oregon,portland oregon,place
porto alegre brazil,porto alegre brazil,place
porto portugal,porto portugal,place
portugal,portugal,place
possum,possum,things
postage stamp,postage stamp,things
pot holder,pot holder,things
potato,Potato,things
potato chip,potato chip,things
potted plant,potted plant,things
power adapter,power adapter,things
power cable,power cable,things
power cord,power cord,things
power drill,Power Drill,things
power grid,power grid,things
power lines,Power lines,things
power meter,power meter,things
power pole,power pole,things
power strip,Power strip,things
prague czech republic,prague czech republic,place
prairie sunflower,prairie sunflower,things
press box,Press Box,things
pressure gauge,Pressure gauge,things
projector,projector,things
protein bar,Protein bar,things
protein shake,protein shake,things
protein shakes,Protein Shakes,things
pry bar,Pry Bar,things
public address system,Public Address System,things
pudding,pudding,things
pumpkin,pumpkin,things
pumpkin pie,Pumpkin pie,things
puncak jaya,puncak jaya,place
punching bag,punching bag,things
purse,purse,things
push pin,push pin,things
puzzle,Puzzle,things
pyeongyang north korea,pyeongyang north korea,place
pyramid,Pyramid,things
qatar,qatar,place
quarry,quarry,things
quesadilla,Quesadilla,things
rabbit,Rabbit,things
raccoon,raccoon,things
radio scanner,Radio scanner,things
radish,Radish,things
rags,Rags,things
rail track,rail track,things
railroad tracks,Railroad tracks,things
rainboot,rainboot,things
rainbow cake,rainbow cake,things
raindrops,Raindrops,things
raisin,raisin,things
raleigh north carolina,raleigh north carolina,place
ramen,ramen,things
rangefinder,rangefinder,things
ras al khaimah united arab emirates,ras al khaimah united arab emirates,place
raspberry,raspberry,things
rat,Rat,things
reading glasses,reading glasses,things
reading pillow,reading pillow,things
receipt printer,receipt printer,things
recife brazil,recife brazil,place
red velvet cake,Red velvet cake,things
red wine,Red wine,things
redwood tree,redwood tree,things
reef,reef,things
refrigerator,refrigerator,things
rehearsal room,Rehearsal room,things
reindeer,Reindeer,things
relief valve,relief valve,things
relish,Relish,things
reptile,Reptile,things
reservoir,reservoir,things
resin,Resin,things
respirator,Respirator,things
restaurants,Restaurants,things
reykjavik iceland,reykjavik iceland,place
rhine,rhine,place
rhubarb,rhubarb,things
ribbon,ribbon,things
rice krispie,rice krispie,things
rice pudding,Rice pudding,things
ricotta,ricotta,things
riga latvia,riga latvia,place
rio de janeiro brazil,rio de janeiro brazil,place
riverbed,riverbed,things
rivet,Rivet,things
riyadh saudi arabia,riyadh saudi arabia,place
roadrunner,roadrunner,things
robot arm,Robot arm,things
rochester new york,rochester new york,place
rocketship,rocketship,things
rocking chair,rocking chair,things
roller,roller,things
rollercoaster,rollercoaster,things
rolling pin,Rolling pin,things
romania,romania,place
rome italy,rome italy,place
rooster,rooster,things
roots,Roots,things
rose,rose,things
rose bush,rose bush,things
rosemary,rosemary,things
rotterdam netherlands,rotterdam netherlands,place
router,Router,things
rowing machines,Rowing machines,things
rubber,rubber,things
ruby,ruby,things
rucksack,rucksack,things
rug,Rug,things
ruler,ruler,things
russia,russia,place
rusty nail,rusty nail,things
rv,RV,things
rwanda,rwanda,place
safety glasses,safety glasses,things
safety goggles,safety goggles,things
safety harness,Safety harness,things
safety railing,safety railing,things
saint kitts and nevis,saint kitts and nevis,place
saint lucia,saint lucia,place
saint vincent and the grenadines,saint vincent and the grenadines,place
salad dressing,Salad Dressing,things
salon sign,salon sign,things
salt scrub,salt scrub,things
salt shaker,salt shaker,things
saltwater,saltwater,things
samoa,samoa,place
san diego california,san diego california,place
san francisco california,san francisco california,place
san marino,san marino,place
san salvador el salvador,san salvador el salvador,place
sandal,sandal,things
sandhill crane,sandhill crane,things
sandstorm,sandstorm,things
santiago chile,santiago chile,place
sao paulo brazil,sao paulo brazil,place
sao tome and principe,sao tome and principe,place
sash,sash,things
saskatoon canada,saskatoon canada,place
satellite,Satellite,things
satellite dish,satellite dish,things
saucer,saucer,things
saudi arabia,saudi arabia,place
sauerkraut,sauerkraut,things
sauna,sauna,things
school bus,school bus,things
scones,Scones,things
scoreboard,Scoreboard,things
scrap metal,Scrap metal,things
scratching posts,Scratching posts,things
screen,screen,things
screwdriver,Screwdriver,things
scrubber,scrubber,things
sea turtle,sea turtle,things
seafoam,seafoam,things
seagrass,seagrass,things
seagrass bed,seagrass bed,things
seagull,seagull,things
seahorse,seahorse,things
sealant,sealant,things
sealing machine,sealing machine,things
seam,seam,things
seattle washington,seattle washington,place
security booth,security booth,things
security gate,security gate,things
security systems,Security systems,things
sedge,sedge,things
seed packet,Seed packet,things
seedling tray,seedling tray,things
seltzer,seltzer,things
senegal,senegal,place
seoul south korea,seoul south korea,place
serbia,serbia,place
server rack,server rack,things
serving bowl,serving bowl,things
serving platter,serving platter,things
sevilla spain,sevilla spain,place
sewage system,sewage system,things
sewing kit,Sewing Kit,things
sewing needle,sewing needle,things
seychelles,seychelles,place
shaker,shaker,things
shanghai china,shanghai china,place
sheetrock,sheetrock,things
shin guards,Shin Guards,things
shingle,shingle,things
shipping container,shipping container,things
shipping label,Shipping label,things
shirt,shirt,things
shoe rack,Shoe Rack,things
shoelace,shoelace,things
shop towel,shop towel,things
shovel,shovel,things
shower caddy,Shower caddy,things
shower cap,shower cap,things
shower chair,shower chair,things
shower mat,shower mat,things
sierra leone,sierra leone,place
sieve,Sieve,things
silicon,silicon,things
silicone,Silicone,things
silicone mat,Silicone mat,things
silver ore,Silver ore,things
singapore,singapore,place
sippy cup,Sippy cup,things
sketchbook,Sketchbook,things
skewer,skewer,things
sleeping bag,Sleeping bag,things
sling,sling,things
slit,slit,things
slovakia,slovakia,place
slovenia,slovenia,place
smartboard,smartboard,things
smartphone,Smartphone,things
smartwatch,Smartwatch,things
smith machine,smith machine,things
smoke alarm,smoke alarm,things
smoke detector,Smoke Detector,things
smoothie,smoothie,things
snacks,Snacks,things
snake,snake,things
snowball,snowball,things
snowdrift,snowdrift,things
snowmobile,snowmobile,things
soap dish,Soap dish,things
soap dispenser,Soap Dispenser,things
soap suds,Soap Suds,things
soccer ball,soccer ball,things
sock,sock,things
soda,Soda,things
sofa,sofa,things
sofia bulgaria,sofia bulgaria,place
solar panel,solar panel,things
soldering iron,Soldering iron,things
solomon islands,solomon islands,place
somalia,somalia,place
sorting machine,sorting machine,things
sound system,Sound system,things
soundboard,soundboard,things
soup,soup,things
south africa,south africa,place
south korea,south korea,place
soybeans,Soybeans,things
space probe,Space probe,things
space station,space station,things
spain,spain,place
spare bulb,spare bulb,things
spatula,Spatula,things
spice rack,Spice Rack,things
spider web,spider web,things
spirit level,spirit level,things
spit,spit,things
sportswear,Sportswear,things
spotlight,Spotlight,things
spray,spray,things
sprinkler,Sprinkler,things
sprinkler system,Sprinkler System,things
squash,squash,things
squid,squid,things
squirrel,Squirrel,things
stadium,stadium,things
stage lights,Stage lights,things
stain remover,Stain Remover,things
stained glass window,Stained glass window,things
stair stepper,Stair Stepper,things
staircase,staircase,things
stationary bike,stationary bike,things
steak,steak,things
steak knife,steak knife,things
steam iron,steam iron,things
steam room,Steam room,things
steel sheet,steel sheet,things
steering wheel,steering wheel,things
stick,stick,things
sticker,Sticker,things
sticky notes,Sticky notes,things
stockholm sweden,stockholm sweden,place
storage bin,Storage bin,things
storage room,storage room,things
stove,Stove,things
straightening iron,straightening iron,things
strainer,strainer,things
street sign,Street sign,things
streetlamp,streetlamp,things
strobe light,strobe light,things
stroller,stroller,things
stump,stump,things
stuttgart germany,stuttgart germany,place
sudan,sudan,place
sugar packet,Sugar packet,things
suitcase,suitcase,things
sumantri,sumantri,place
sunglass,sunglass,things
sunglasses,sunglasses,things
sunscreen,Sunscreen,things
support beam,support beam,things
surgical drape,surgical drape,things
suriname,suriname,place
survey marker,survey marker,things
sushi,sushi,things
suture,suture,things
swamp milkweed,swamp milkweed,things
swaziland,swaziland,place
sweden,sweden,place
swedish fish,swedish fish,things
sweet tea,sweet tea,things
sweetgum tree,sweetgum tree,things
swimsuit,swimsuit,things
swing set,Swing set,things
switzerland,switzerland,place
sword fern,sword fern,things
sycamore tree,sycamore tree,things
sydney australia,sydney australia,place
syria,syria,place
syrup,syrup,things
tablet,Tablet,things
tackle box,tackle box,things
taegu south korea,taegu south korea,place
taipei taiwan,taipei taiwan,place
taiwan,taiwan,place
tajikistan,tajikistan,place
taksim turkey,taksim turkey,place
tank,Tank,things
tank top,tank top,things
tanzania,tanzania,place
tape dispenser,tape dispenser,things
tape measure,tape measure,things
taser,Taser,things
tashkent uzbekistan,tashkent uzbekistan,place
tassel,tassel,things
tea bag,tea bag,things
tea cup,tea cup,things
tea leaf,tea leaf,things
teddy bear,teddy bear,things
telephone,telephone,things
telescope,Telescope,things
television,Television,things
television remote,television remote,things
tennis ball,Tennis ball,things
tennis court,Tennis court,things
test strip,test strip,things
thailand,thailand,place
thermal underwear,thermal underwear,things
thermometer probe,thermometer probe,things
thessaloniki greece,thessaloniki greece,place
throw blanket,throw blanket,things
throw rug,throw rug,things
thumbtack,thumbtack,things
thyroid,thyroid,things
thyroid medication,thyroid medication,things
ticket machine,Ticket Machine,things
ticket stub,Ticket stub,things
tide pool,tide pool,things
tijuana mexico,tijuana mexico,place
tile,tile,things
tin foil,tin foil,things
tiramisu,tiramisu,things
tirana albania,tirana albania,place
tire,tire,things
tire gauge,tire gauge,things
tire inflator,tire inflator,things
tire iron,tire iron,things
tissue box,Tissue box,things
toad,toad,things
toaster oven,Toaster Oven,things
tofu,Tofu,things
togo,togo,place
toilet,Toilet,things
toilet brush,toilet brush,things
toiletries bag,Toiletries bag,things
tokyo japan,tokyo japan,place
tomato,Tomato,things
tomato plant,tomato plant,things
tonga,tonga,place
tongue,tongue,things
tongue depressor,Tongue Depressor,things
tool belt,Tool Belt,things
tool box,Tool Box,things
tool cabinet,tool cabinet,things
tool shed,tool shed,things
toothbrush,Toothbrush,things
toothbrush holder,Toothbrush Holder,things
toothpaste,Toothpaste,things
toothpick,toothpick,things
torino italy,torino italy,place
toronto canada,toronto canada,place
tote bin,tote bin,things
touchscreen,Touchscreen,things
tow strap,tow strap,things
tow truck,Tow truck,things
towel,Towel,things
towel basket,towel basket,things
tracksuit,Tracksuit,things
tractor,Tractor,things
tractor shed,Tractor shed,things
traffic signal,traffic signal,things
train brake,Train brake,things
train door,Train door,things
train horn,train horn,things
training cone,training cone,things
transmission tower,transmission tower,things
trash bag,Trash bag,things
trash can,trash can,things
trashcan,trashcan,things
travel pillow,travel pillow,things
treehouse,treehouse,things
trellis,trellis,things
trench coat,trench coat,things
tricycle,Tricycle,things
trimming scissors,trimming scissors,things
trinidad and tobago,trinidad and tobago,place
trinket box,trinket box,things
tripoli libya,tripoli libya,place
trophy,trophy,things
trouser,trouser,things
truck,Truck,things
trumpet,trumpet,things
tube,tube,things
tulip,Tulip,things
tuning fork,tuning fork,things
tunis tunisia,tunis tunisia,place
tunisia,tunisia,place
tunnel,tunnel,things
tupperware,tupperware,things
turin italy,turin italy,place
turkey,Turkey,things
turkmenistan,turkmenistan,place
turn signal,Turn signal,things
turnstiles,Turnstiles,things
turtle,turtle,things
tuvalu,tuvalu,place
tweezers,Tweezers,things
twine,twine,things
ubud indonesia,ubud indonesia,place
udon noodles,Udon Noodles,things
uganda,uganda,place
ukraine,ukraine,place
ukulele case,ukulele case,things
ulaanbaatar mongolia,ulaanbaatar mongolia,place
ultrasound,ultrasound,things
ultraviolet lamp,Ultraviolet Lamp,things
umbrella stand,Umbrella stand,things
unbuttoned jacket,unbuttoned jacket,things
underground river,Underground River,things
underwater camera,underwater camera,things
underwater volcano,underwater volcano,things
united arab emirates,united arab emirates,place
united kingdom,united kingdom,place
united states of america,united states of america,place
unleavened bread,Unleavened Bread,things
unripe banana,unripe banana,things
unripe fruit,unripe fruit,things
upholstered sofa,upholstered sofa,things
uppsala sweden,uppsala sweden,place
upright piano,upright piano,things
urinal,Urinal,things
uruguay,uruguay,place
urumqi china,urumqi china,place
usb drives,USB drives,things
usb stick,usb stick,things
user manual,user manual,things
utensil drawer,utensil drawer,things
utility belt,utility belt,things
utility box,Utility Box,things
utility cart,Utility Cart,things
uzbekistan,uzbekistan,place
vacuum cleaner,vacuum cleaner,things
vaduz liechtenstein,vaduz liechtenstein,place
valencia spain,valencia spain,place
valparaiso chile,valparaiso chile,place
valve,valve,things
vancouver canada,vancouver canada,place
vanilla extract,Vanilla Extract,things
vanity mirror,Vanity mirror,things
vans,Vans,things
vanuatu,vanuatu,place
varnish,varnish,things
vase,Vase,things
vegan chocolate,vegan chocolate,things
vegetable,Vegetable,things
vegetarian chili,vegetarian chili,things
vegetation,Vegetation,things
veggie burger,Veggie Burger,things
velvet couch,velvet couch,things
velvet ribbon,velvet ribbon,things
velvet rope,Velvet rope,things
velvet rug,velvet rug,things
vending machine,Vending Machine,things
venezuela,venezuela,place
ventilation fan,ventilation fan,things
ventilation shaft,ventilation shaft,things
ventilation system,Ventilation System,things
vespa,vespa,things
vest,vest,things
video camera,Video Camera,things
vienna austria,vienna austria,place
vietnam,vietnam,place
vietnamese coffee,vietnamese coffee,things
vigo spain,vigo spain,place
villarreal spain,villarreal spain,place
vilnius lithuania,vilnius lithuania,place
vintage clock,vintage clock,things
vintage dollhouse,vintage dollhouse,things
violin,violin,things
violin bow,violin bow,things
violin strings,Violin Strings,things
vip box,vip box,things
virus,Virus,things
vladivostok russia,vladivostok russia,place
voice recorder,voice recorder,things
volcanic ash,volcanic ash,things
volcano,volcano,things
volkswagen,volkswagen,things
volleyball,volleyball,things
vortex mixer,vortex mixer,things
voucher,Voucher,things
vr headset,VR Headset,things
walking stick,walking stick,things
wall art,Wall Art,things
wall decorations,Wall Decorations,things
wall mirror,wall mirror,things
wall shelf,wall shelf,things
wall street,Wall Street,things
wardrobe,wardrobe,things
warsaw poland,warsaw poland,place
washcloth,washcloth,things
washing machine,Washing machine,things
washington dc,washington dc,place
wasp,wasp,things
wastewater,wastewater,things
water,Water,things
water bottle,Water Bottle,things
water bowl,water bowl,things
water buffalo,Water Buffalo,things
water chestnut,water chestnut,things
water dish,water dish,things
water fountain,Water Fountain,things
water heater,Water Heater,things
water hose,water hose,things
water hyacinth,water hyacinth,things
water jug,water jug,things
water pump,water pump,things
water snake,water snake,things
water tank,water tank,things
water well,water well,things
water wing,water wing,things
waterfowl blind,waterfowl blind,things
waterhole,waterhole,things
watering can,Watering Can,things
waterslide,waterslide,things
wax,wax,things
weasel,weasel,things
webcam,webcam,things
wedding ring,wedding ring,things
weighing scale,weighing scale,things
weight plate,weight plate,things
weightlifting belt,weightlifting belt,things
wellington new zealand,wellington new zealand,place
westminster england,westminster england,place
wheelchair ramp,Wheelchair ramp,things
whisk,whisk,things
whistle,Whistle,things
whiteboard,whiteboard,things
wig,wig,things
wii,wii,things
wild garlic,wild garlic,things
willow tree,Willow Tree,things
wilmington delaware,wilmington delaware,place
wind chime,wind chime,things
wind vane,wind vane,things
windbreak,Windbreak,things
window cleaner,window cleaner,things
windsock,windsock,things
wine aerator,Wine Aerator,things
wine decanter,wine decanter,things
wine glass,wine glass,things
wine opener,Wine Opener,things
wine rack,Wine rack,things
wine tasting kit,Wine Tasting Kit,things
wing,wing,things
winnipeg manitoba,winnipeg manitoba,place
wiper,wiper,things
wire,wire,things
wire brush,wire brush,things
wire hanger,wire hanger,things
wire rack,Wire rack,things
wireless microphone,wireless microphone,things
wireless speaker,Wireless Speaker,things
wisteria,wisteria,things
wonton,wonton,things
wonton soup,wonton soup,things
wood chip,wood chip,things
wooden spoon,wooden spoon,things
woodpecker,woodpecker,things
woolen blanket,woolen blanket,things
worcestershire sauce,worcestershire sauce,things
workout log,workout log,things
wrench,Wrench,things
wrist weights,Wrist Weights,things
wristband,Wristband,things
writing paper,writing paper,things
wroclaw poland,wroclaw poland,place
wuhan china,wuhan china,place
yakutsk russia,yakutsk russia,place
yanbu saudi arabia,yanbu saudi arabia,place
yangtze river,yangtze river,place
yaounde cameroon,yaounde cameroon,place
yarrow,yarrow,things
yeast,yeast,things
yekaterinburg russia,yekaterinburg russia,place
yellow river,yellow river,place
yemen,yemen,place
yenisei river,yenisei river,place
yerevan armenia,yerevan armenia,place
yoga block,yoga block,things
yoga mat,Yoga mat,things
yogurt,Yogurt,things
yogurt container,yogurt container,things
yogyakarta indonesia,yogyakarta indonesia,place
yokohama japan,yokohama japan,place
york england,york england,place
ypres belgium,ypres belgium,place
yule log,yule log,things
yuma arizona,yuma arizona,place
zacatecas mexico,zacatecas mexico,place
zagreb croatia,zagreb croatia,place
zambezi river,zambezi river,place
zambia,zambia,place
zanzibar tanzania,zanzibar tanzania,place
zaragoza spain,zaragoza spain,place
zeeland netherlands,zeeland netherlands,place
zhongshan china,zhongshan china,place
zimbabwe,zimbabwe,place
zinc,zinc,things
zincantan mexico,zincantan mexico,place
zip tie,zip tie,things
ziploc,ziploc,things
zugspitze,zugspitze,place
zunyi china,zunyi china,place
zurich switzerland,zurich switzerland,place
